{"cameraMode":{"drawMode":0,"name":"Shaded","section":"Shading Mode"},"sceneLighting":true,"audioPlay":false,"sceneViewState":{"showFog":true,"showMaterialUpdate":false,"showSkybox":true,"showFlares":true,"showImageEffects":true,"showParticleSystems":true},"in2DMode":false,"pivot":{"x":-1.532955527305603,"y":1.0006076097488404,"z":-1.1581766605377198},"rotation":{"x":0.3007103502750397,"y":-0.07114513963460922,"z":0.022509679198265077,"w":0.9508251547813416},"size":0.0176851749420166,"orthographic":false}