{"cameraMode":{"drawMode":0,"name":"Shaded","section":"Shading Mode"},"sceneLighting":true,"audioPlay":false,"sceneViewState":{"showFog":true,"showMaterialUpdate":false,"showSkybox":true,"showFlares":true,"showImageEffects":true,"showParticleSystems":true},"in2DMode":false,"pivot":{"x":-3.0944342613220217,"y":0.21757158637046815,"z":4.677867889404297},"rotation":{"x":0.03134305030107498,"y":-0.1697801649570465,"z":0.005403093993663788,"w":0.9850032329559326},"size":3.7080881595611574,"orthographic":false}